split,source,label,samples
calibration,coco_stuff_negatives,nonplant,800
calibration,cucumber_field,cucumber_anthracnose,16
calibration,cucumber_field,cucumber_bacterial_wilt,16
calibration,cucumber_field,cucumber_belly_rot,16
calibration,cucumber_field,cucumber_downy_mildew,16
calibration,cucumber_field,cucumber_gummy_stem_blight,16
calibration,cucumber_field,cucumber_healthy,16
calibration,cucumber_field,cucumber_pythium_fruit_rot,16
calibration,eggplant_field,eggplant_healthy,7
calibration,eggplant_field,eggplant_insect_pest,9
calibration,eggplant_field,eggplant_leaf_spot,11
calibration,eggplant_field,eggplant_mosaic_virus,4
calibration,eggplant_field,eggplant_small_leaf,1
calibration,eggplant_field,eggplant_wilt,6
calibration,olid_field,cucumber_healthy,3
calibration,olid_field,eggplant_healthy,8
calibration,olid_field,eggplant_insect_pest,23
calibration,olid_field,tomato_healthy,19
calibration,olid_field,tomato_leaf_miner,16
calibration,pepper_field,pepper_bacterial_spot,456
calibration,pepper_field,pepper_cercospora_leaf_spot,157
calibration,pepper_field,pepper_healthy,150
calibration,pepper_field,pepper_leaf_curl,201
calibration,pepper_field,pepper_nutrient_deficiency,145
calibration,pepper_field,pepper_powdery_mildew,105
calibration,plantdoc_train,pepper_bacterial_spot,6
calibration,plantdoc_train,pepper_healthy,5
calibration,plantdoc_train,strawberry_healthy,9
calibration,plantdoc_train,tomato_bacterial_spot,9
calibration,plantdoc_train,tomato_early_blight,5
calibration,plantdoc_train,tomato_healthy,6
calibration,plantdoc_train,tomato_late_blight,8
calibration,plantdoc_train,tomato_leaf_mold,8
calibration,plantdoc_train,tomato_mosaic_virus,4
calibration,plantdoc_train,tomato_septoria,11
calibration,plantdoc_train,tomato_yellow_leaf_curl_virus,6
calibration,plantvillage,pepper_bacterial_spot,98
calibration,plantvillage,pepper_healthy,146
calibration,plantvillage,strawberry_healthy,46
calibration,plantvillage,strawberry_leaf_scorch,111
calibration,plantvillage,tomato_bacterial_spot,212
calibration,plantvillage,tomato_early_blight,100
calibration,plantvillage,tomato_healthy,160
calibration,plantvillage,tomato_late_blight,190
calibration,plantvillage,tomato_leaf_mold,95
calibration,plantvillage,tomato_mosaic_virus,37
calibration,plantvillage,tomato_septoria,177
calibration,plantvillage,tomato_yellow_leaf_curl_virus,534
calibration,plantwild,cucumber_bacterial_wilt,11
calibration,plantwild,cucumber_powdery_mildew,19
calibration,plantwild,pepper_bacterial_spot,7
calibration,plantwild,pepper_powdery_mildew,2
calibration,plantwild,strawberry_leaf_scorch,4
calibration,plantwild,tomato_early_blight,18
calibration,plantwild,tomato_late_blight,16
calibration,plantwild,tomato_leaf_mold,15
calibration,plantwild,tomato_mosaic_virus,6
calibration,plantwild,tomato_septoria,12
calibration,plantwild,tomato_yellow_leaf_curl_virus,8
calibration,strawberry_field,strawberry_anthracnose_fruit_rot,15
calibration,strawberry_field,strawberry_calcium_deficiency,80
calibration,strawberry_field,strawberry_gray_mold,56
calibration,strawberry_field,strawberry_healthy,62
calibration,strawberry_field,strawberry_leaf_spot,193
calibration,strawberry_field,strawberry_powdery_mildew_leaf,176
calibration,tlid,tomato_bacterial_spot,218
calibration,tlid,tomato_healthy,154
calibration,tlid,tomato_leaf_miner,171
calibration,tlid,tomato_powdery_mildew,130
calibration,tlid,tomato_whitefly,24
domain_test,plantdoc_test,pepper_bacterial_spot,9
domain_test,plantdoc_test,pepper_healthy,8
domain_test,plantdoc_test,strawberry_healthy,8
domain_test,plantdoc_test,tomato_bacterial_spot,7
domain_test,plantdoc_test,tomato_early_blight,9
domain_test,plantdoc_test,tomato_healthy,8
domain_test,plantdoc_test,tomato_late_blight,9
domain_test,plantdoc_test,tomato_leaf_mold,6
domain_test,plantdoc_test,tomato_mosaic_virus,10
domain_test,plantdoc_test,tomato_septoria,10
domain_test,plantdoc_test,tomato_yellow_leaf_curl_virus,5
domain_test,plantdoc_train,tomato_bacterial_spot,1
domain_test,plantdoc_train,tomato_late_blight,1
domain_test,plantdoc_train,tomato_septoria,1
domain_test,plantdoc_train,tomato_yellow_leaf_curl_virus,1
domain_test,plantwild,pepper_bacterial_spot,1
domain_test,plantwild,tomato_septoria,1
domain_test,plantwild,tomato_yellow_leaf_curl_virus,2
field_test,coco_stuff_negatives,nonplant,799
field_test,cucumber_field,cucumber_anthracnose,16
field_test,cucumber_field,cucumber_bacterial_wilt,16
field_test,cucumber_field,cucumber_belly_rot,16
field_test,cucumber_field,cucumber_downy_mildew,16
field_test,cucumber_field,cucumber_gummy_stem_blight,16
field_test,cucumber_field,cucumber_healthy,17
field_test,cucumber_field,cucumber_pythium_fruit_rot,16
field_test,eggplant_field,eggplant_healthy,7
field_test,eggplant_field,eggplant_insect_pest,9
field_test,eggplant_field,eggplant_leaf_spot,11
field_test,eggplant_field,eggplant_mosaic_virus,4
field_test,eggplant_field,eggplant_small_leaf,1
field_test,eggplant_field,eggplant_wilt,6
field_test,olid_field,cucumber_healthy,3
field_test,olid_field,eggplant_healthy,8
field_test,olid_field,eggplant_insect_pest,21
field_test,olid_field,tomato_healthy,18
field_test,olid_field,tomato_leaf_miner,15
field_test,pepper_field,pepper_bacterial_spot,427
field_test,pepper_field,pepper_cercospora_leaf_spot,154
field_test,pepper_field,pepper_healthy,165
field_test,pepper_field,pepper_leaf_curl,204
field_test,pepper_field,pepper_nutrient_deficiency,152
field_test,pepper_field,pepper_powdery_mildew,98
field_test,plantdoc_train,pepper_bacterial_spot,6
field_test,plantdoc_train,pepper_healthy,5
field_test,plantdoc_train,strawberry_healthy,9
field_test,plantdoc_train,tomato_bacterial_spot,10
field_test,plantdoc_train,tomato_early_blight,6
field_test,plantdoc_train,tomato_healthy,6
field_test,plantdoc_train,tomato_late_blight,9
field_test,plantdoc_train,tomato_leaf_mold,8
field_test,plantdoc_train,tomato_mosaic_virus,4
field_test,plantdoc_train,tomato_septoria,13
field_test,plantdoc_train,tomato_yellow_leaf_curl_virus,6
field_test,plantvillage,pepper_bacterial_spot,98
field_test,plantvillage,pepper_healthy,146
field_test,plantvillage,strawberry_healthy,45
field_test,plantvillage,strawberry_leaf_scorch,111
field_test,plantvillage,tomato_bacterial_spot,212
field_test,plantvillage,tomato_early_blight,100
field_test,plantvillage,tomato_healthy,158
field_test,plantvillage,tomato_late_blight,190
field_test,plantvillage,tomato_leaf_mold,95
field_test,plantvillage,tomato_mosaic_virus,37
field_test,plantvillage,tomato_septoria,177
field_test,plantvillage,tomato_yellow_leaf_curl_virus,534
field_test,plantwild,cucumber_bacterial_wilt,11
field_test,plantwild,cucumber_powdery_mildew,18
field_test,plantwild,pepper_bacterial_spot,6
field_test,plantwild,pepper_powdery_mildew,2
field_test,plantwild,strawberry_leaf_scorch,5
field_test,plantwild,tomato_early_blight,18
field_test,plantwild,tomato_late_blight,17
field_test,plantwild,tomato_leaf_mold,15
field_test,plantwild,tomato_mosaic_virus,6
field_test,plantwild,tomato_septoria,12
field_test,plantwild,tomato_yellow_leaf_curl_virus,8
field_test,strawberry_field,strawberry_anthracnose_fruit_rot,17
field_test,strawberry_field,strawberry_calcium_deficiency,80
field_test,strawberry_field,strawberry_gray_mold,55
field_test,strawberry_field,strawberry_healthy,62
field_test,strawberry_field,strawberry_leaf_spot,276
field_test,strawberry_field,strawberry_powdery_mildew_leaf,191
field_test,tlid,tomato_bacterial_spot,217
field_test,tlid,tomato_healthy,150
field_test,tlid,tomato_leaf_miner,170
field_test,tlid,tomato_powdery_mildew,127
field_test,tlid,tomato_whitefly,25
train,coco_stuff_negatives,nonplant,3999
train,cucumber_field,cucumber_anthracnose,112
train,cucumber_field,cucumber_bacterial_wilt,111
train,cucumber_field,cucumber_belly_rot,112
train,cucumber_field,cucumber_downy_mildew,112
train,cucumber_field,cucumber_gummy_stem_blight,112
train,cucumber_field,cucumber_healthy,111
train,cucumber_field,cucumber_pythium_fruit_rot,112
train,eggplant_field,eggplant_healthy,46
train,eggplant_field,eggplant_insect_pest,67
train,eggplant_field,eggplant_leaf_spot,78
train,eggplant_field,eggplant_mosaic_virus,24
train,eggplant_field,eggplant_small_leaf,11
train,eggplant_field,eggplant_white_mold,8
train,eggplant_field,eggplant_wilt,38
train,olid_field,cucumber_healthy,24
train,olid_field,eggplant_healthy,57
train,olid_field,eggplant_insect_pest,146
train,olid_field,tomato_healthy,142
train,olid_field,tomato_leaf_miner,109
train,pepper_field,pepper_bacterial_spot,2000
train,pepper_field,pepper_cercospora_leaf_spot,1115
train,pepper_field,pepper_healthy,1059
train,pepper_field,pepper_leaf_curl,1365
train,pepper_field,pepper_nutrient_deficiency,1068
train,pepper_field,pepper_powdery_mildew,729
train,plantdoc_train,pepper_bacterial_spot,42
train,plantdoc_train,pepper_healthy,38
train,plantdoc_train,strawberry_healthy,61
train,plantdoc_train,tomato_bacterial_spot,65
train,plantdoc_train,tomato_early_blight,49
train,plantdoc_train,tomato_healthy,37
train,plantdoc_train,tomato_late_blight,69
train,plantdoc_train,tomato_leaf_mold,53
train,plantdoc_train,tomato_mosaic_virus,30
train,plantdoc_train,tomato_septoria,89
train,plantdoc_train,tomato_yellow_leaf_curl_virus,47
train,plantvillage,pepper_bacterial_spot,500
train,plantvillage,pepper_healthy,500
train,plantvillage,strawberry_healthy,320
train,plantvillage,strawberry_leaf_scorch,500
train,plantvillage,tomato_bacterial_spot,500
train,plantvillage,tomato_early_blight,500
train,plantvillage,tomato_healthy,500
train,plantvillage,tomato_late_blight,500
train,plantvillage,tomato_leaf_mold,500
train,plantvillage,tomato_mosaic_virus,261
train,plantvillage,tomato_septoria,500
train,plantvillage,tomato_yellow_leaf_curl_virus,500
train,plantwild,cucumber_bacterial_wilt,75
train,plantwild,cucumber_powdery_mildew,134
train,plantwild,pepper_bacterial_spot,47
train,plantwild,pepper_powdery_mildew,20
train,plantwild,strawberry_leaf_scorch,25
train,plantwild,tomato_early_blight,123
train,plantwild,tomato_late_blight,113
train,plantwild,tomato_leaf_mold,110
train,plantwild,tomato_mosaic_virus,40
train,plantwild,tomato_septoria,81
train,plantwild,tomato_yellow_leaf_curl_virus,60
train,strawberry_field,strawberry_anthracnose_fruit_rot,115
train,strawberry_field,strawberry_calcium_deficiency,564
train,strawberry_field,strawberry_gray_mold,435
train,strawberry_field,strawberry_healthy,439
train,strawberry_field,strawberry_leaf_spot,1386
train,strawberry_field,strawberry_powdery_mildew_leaf,1165
train,tlid,tomato_bacterial_spot,1540
train,tlid,tomato_healthy,1084
train,tlid,tomato_leaf_miner,1206
train,tlid,tomato_powdery_mildew,910
train,tlid,tomato_whitefly,169
val,cucumber_field,cucumber_anthracnose,16
val,cucumber_field,cucumber_bacterial_wilt,16
val,cucumber_field,cucumber_belly_rot,16
val,cucumber_field,cucumber_downy_mildew,16
val,cucumber_field,cucumber_gummy_stem_blight,16
val,cucumber_field,cucumber_healthy,16
val,cucumber_field,cucumber_pythium_fruit_rot,16
val,eggplant_field,eggplant_healthy,7
val,eggplant_field,eggplant_insect_pest,9
val,eggplant_field,eggplant_leaf_spot,11
val,eggplant_field,eggplant_mosaic_virus,4
val,eggplant_field,eggplant_small_leaf,1
val,eggplant_field,eggplant_wilt,6
val,olid_field,cucumber_healthy,3
val,olid_field,eggplant_healthy,8
val,olid_field,eggplant_insect_pest,21
val,olid_field,tomato_healthy,18
val,olid_field,tomato_leaf_miner,15
val,pepper_field,pepper_bacterial_spot,464
val,pepper_field,pepper_cercospora_leaf_spot,160
val,pepper_field,pepper_healthy,139
val,pepper_field,pepper_leaf_curl,200
val,pepper_field,pepper_nutrient_deficiency,144
val,pepper_field,pepper_powdery_mildew,101
val,plantdoc_train,pepper_bacterial_spot,7
val,plantdoc_train,pepper_healthy,5
val,plantdoc_train,strawberry_healthy,9
val,plantdoc_train,tomato_bacterial_spot,9
val,plantdoc_train,tomato_early_blight,7
val,plantdoc_train,tomato_healthy,6
val,plantdoc_train,tomato_late_blight,9
val,plantdoc_train,tomato_leaf_mold,9
val,plantdoc_train,tomato_mosaic_virus,4
val,plantdoc_train,tomato_septoria,11
val,plantdoc_train,tomato_yellow_leaf_curl_virus,6
val,plantvillage,pepper_bacterial_spot,98
val,plantvillage,pepper_healthy,148
val,plantvillage,strawberry_healthy,45
val,plantvillage,strawberry_leaf_scorch,111
val,plantvillage,tomato_bacterial_spot,213
val,plantvillage,tomato_early_blight,100
val,plantvillage,tomato_healthy,158
val,plantvillage,tomato_late_blight,190
val,plantvillage,tomato_leaf_mold,95
val,plantvillage,tomato_mosaic_virus,37
val,plantvillage,tomato_septoria,177
val,plantvillage,tomato_yellow_leaf_curl_virus,537
val,plantwild,cucumber_bacterial_wilt,11
val,plantwild,cucumber_powdery_mildew,18
val,plantwild,pepper_bacterial_spot,7
val,plantwild,pepper_powdery_mildew,3
val,plantwild,strawberry_leaf_scorch,4
val,plantwild,tomato_early_blight,18
val,plantwild,tomato_late_blight,16
val,plantwild,tomato_leaf_mold,16
val,plantwild,tomato_mosaic_virus,6
val,plantwild,tomato_septoria,12
val,plantwild,tomato_yellow_leaf_curl_virus,8
val,strawberry_field,strawberry_anthracnose_fruit_rot,15
val,strawberry_field,strawberry_calcium_deficiency,81
val,strawberry_field,strawberry_gray_mold,53
val,strawberry_field,strawberry_healthy,62
val,strawberry_field,strawberry_leaf_spot,219
val,strawberry_field,strawberry_powdery_mildew_leaf,169
val,tlid,tomato_bacterial_spot,219
val,tlid,tomato_healthy,152
val,tlid,tomato_leaf_miner,169
val,tlid,tomato_powdery_mildew,128
val,tlid,tomato_whitefly,24
